ISBN,Title,Author,Edition,Publisher,Date,Dewey,LCCN,CatalogNumber,Pages,Source,Error
716601001,Unknown Title,,,,,,,CatalogNumber 716601001,,,Metadata not found
0664220894,Westminster dictionary of theological terms,Donald K. McKim,,Westminster/John Knox Press,1997,,,CatalogNumber 0664220894,310,Open Library,
35798642,Unknown Title,,,,,,,CatalogNumber 35798642,,,Metadata not found
0785211578,Where to find it in the Bible,"Anderson, Ken,",Nelson's comfort print ed.,,1996,220.3,2019722147,,,Library of Congress,
0830814515,Dictionary of biblical imagery,"Ryken, Leland.",,,1998,220.3,98016945,,,Library of Congress,
9780687054275,New Interpreter's dictionary of the Bible,Abingdon Press.,,,2006,220.3,2006025839,,,Library of Congress,
0687278147,New Interpreter's Bible,Abingdon Press.,,,1994,220.7/7,94021092,,,Library of Congress,
019211655x,Oxford dictionary of the Christian Church,"Cross, F. L. (Frank Leslie),",3rd ed. /,,1997,270/.03,97165294,,,Library of Congress,
0006061656,Harper's encyclopedia of religious education,"Cully, Iris V.",1st ed.,,1990,268/.03,89045392,,,Library of Congress,
9899000102030405060710987654321,Unknown Title,,,,,,,CatalogNumber 9899000102030405060710987654321,,,Metadata not found
0687107547,dictionary for United Methodists,"Waltz, Alan K.",,,1991,262/.076/03,90044117,,,Library of Congress,
1586601385,Dietrich Bonhoeffer,"Van Dyke, Michael.",,,2001,230/.044/092 B,2001281485,,,Library of Congress,
092923975x,Oswald Chambers,"McCasland, Dave.",,,1993,269/.2/092 B,93009528,,,Library of Congress,
1577483642,Amy Carmichael,"Wellman, Sam.",,,1998,266/.0092 B,99192554,,,Library of Congress,
0687085756,magnificent obsession,"Cannon, William Ragsdale,",,,1999,287/.6/092 B,98055936,,,Library of Congress,
0195059514,John Calvin,William J. Bouwsma,,"Oxford University Press, USA","March 17, 1989",,,CatalogNumber 0195059514,320,Open Library,
0060611820,Now and then,Frederick Buechner,,HarperSanFrancisco,1991,,,CatalogNumber 0060611820,112,Open Library,
094655028x,Charles Wesley,John Ashley Vickers,,,1990,,,CatalogNumber 094655028x,36,Google Books,
0946550204,SUSANNA WESLEY Mother of Methodism,Mary Greetham,,Foundery Press,1988,,,CatalogNumber 0946550204,,Open Library,
1880927209,"John Wesley, a man who shook the spiritual earth",John Galen McEllhenney,,General Commission on Archives and History,1996,,,CatalogNumber 1880927209,36,Open Library,
0946550654,JOHN WESLEY FOUNDER OF METHODISM,John Vickers,,Ladybird Books,1977,,,CatalogNumber 0946550654,50,Open Library,
0802824994,John Wesley,"Tomkins, Stephen,",,,2003,287/.092 B,2003054328,,,Library of Congress,
1577481054,Mother Teresa,"Wellman, Sam.",,,1997,271/.97 B,98184965,,,Library of Congress,
1557487286,Charles Spurgeon (1834-1892) (Heroes of the Faith),J. C. Carlie,,"Barbour Publishing, Incorporated","October 1, 1995",,,CatalogNumber 1557487286,208,Open Library,
1557489327,D.L. Moody,"Harvey, Bonnie C.",,,1997,269/.2/092 B,97171301,,,Library of Congress,
1577485599,Jonathan Edwards,Helen K. Hosier,,"Barbour Publishing, Incorporated","Jul 01, 1999",,,CatalogNumber 1577485599,208,Open Library,
1557487847,Billy Graham,"Wellman, Sam.",,,1996,269/.2/092 B,96160105,,,Library of Congress,
0842304215,complete book of Bible trivia,"Lang, J. Stephen.",,,1988,220,88050084,,,Library of Congress,
0687007917,When grief breaks your heart,"Moore, James W. (James Wendell),",,,1994,248.8/6,94019609,,,Library of Congress,
0687467810,You can get bitter or better!,"Moore, James W. (James Wendell),",,,1989,248.8/6,89032605,,,Library of Congress,
0806628332,"Winter grief, summer grace","Miller, James E.,",,,1995,242/.4,95022489,,,Library of Congress,
0876308981,Living with grief,"Doka, Kenneth J.",,,1998,155.9/37,98152429,,,Library of Congress,
1882723007,Embraced by the light,"Eadie, Betty J. (Betty Jean),",,,1992,133.9/01/3,92043277,,,Library of Congress,
1557487294,Corrie Ten Boom,Sam Wellman,,Barbour,1995,,,CatalogNumber 1557487294,208,Open Library,
1557489785,John Wesley,"Wellman, Sam.",,,1997,287/.092 B,98101314,,,Library of Congress,
0687007917,When grief breaks your heart,"Moore, James W. (James Wendell),",,,1994,248.8/6,94019609,,,Library of Congress,
0806628421,Grieving the death of a friend,"Smith, Harold Ivan,",,,1996,155.9/37,96000839,,,Library of Congress,
083411819x,Decembered grief,"Smith, Harold Ivan,",,,1999,248.8/66,99038154,,,Library of Congress,
0806625015,quest for quality caring,"Haugk, Kenneth C.,",,,1990,158/.2,90047490,,,Library of Congress,
1558743316,2nd helping of chicken soup for the soul,"Canfield, Jack,",,,1995,158/.12,95002353,,,Library of Congress,
1558743790,3rd serving of chicken soup for the soul,"Canfield, Jack,",,,1996,158/.12,96006104,,,Library of Congress,
0830714278,The Frog in the Kettle,George Barna,,Gospel Light Pubns,June 1990,,,CatalogNumber 0830714278,235,Open Library,
0715615793,The Language and imagery of the Bible.,G. B. Caird,,"Duckworth, Bristol Classical Press",1980,,,CatalogNumber 0715615793,280,Open Library,
0192116916,dictionary of the Bible,"Browning, W. R. F.",,,1996,220.3,96013033,,,Library of Congress,
0785211527,Nelson's illustrated Bible companion,"Batchelor, Mary.",North American ed.,,1995,220.6/1,95042338,,,Library of Congress,
0801022568,Baker theological dictionary of the Bible,"Elwell, Walter A.",,,2000,230/.041/03,2001278507,,,Library of Congress,
0687400317,exhaustive concordance of the Bible,"Strong, James,",,,1980,220.5/2,80011952,,,Library of Congress,
0764552961,Bible for dummies,"Geoghegan, Jeffrey C.",,,2003,220.6/1,00112065,,,Library of Congress,
0060600373,HarperCollins Bible dictionary,"Achtemeier, Paul J.",,,1996,220.3,96025424,,,Library of Congress,
0802834868,Namibia,"Winter, Colin.",,,1977,261.8/34/5109688,76056830,,,Library of Congress,
0687107571,Dictionary of Bible and religion,"Gentz, William H.,",,,1986,203/.21,85015011,,,Library of Congress,
0192800604,A dictionary of the Bible,W. R. F. Browning,,Oxford University Press,1997,,,CatalogNumber 0192800604,422,Open Library,
0310220823,New Compact Bible Dictionary.,T. Alton Bryant,,Zondervan,1967,,,CatalogNumber 0310220823,,Open Library,
0310220823,New Compact Bible Dictionary.,T. Alton Bryant,,Zondervan,1967,,,CatalogNumber 0310220823,,Open Library,
066422394x,Westminster theological wordbook of the Bible,"Gowan, Donald E.",1st ed.,,2003,220.3,2003041179,,,Library of Congress,
0840720718,Nelson's new illustrated Bible dictionary,"Youngblood, Ronald F. (Ronald Fred),",,,1995,220.3,94044332,,,Library of Congress,
0687278325,new interpreter's study Bible,"Harrelson, Walter J.",,,2003,220.5/20434,2003001421,,,Library of Congress,
0849951232,The inspirational study Bible,Bible,,Word Bibles,1995,,,CatalogNumber 0849951232,1564,Open Library,
038501189x,The Jerusalem Bible,,,,1988,,,CatalogNumber 038501189x,1724,Google Books,
0310900891,spiritual formation Bible,"Jones, Timothy K.,",,,1999,220.5/20432,98061559,,,Library of Congress,
0195046455,Oxford companion to the Bible,"Metzger, Bruce M. (Bruce Manning),",,,1993,220.3,93019315,,,Library of Congress,
0310900891,spiritual formation Bible,"Jones, Timothy K.,",,,1999,220.5/20432,98061559,,,Library of Congress,
0310200059,book of God,"Wangerin, Walter.",,,1996,813/.54,96003338,,,Library of Congress,
0310918367,Today's parallel Bible,"Zondervan Publishing House (Grand Rapids, Mich.)",,,2000,220.5/2,00132650,,,Library of Congress,
0887072267,Thompson NASB Chain Reference Bible,,,Kirkbride Bible Company,December 1993,,,CatalogNumber 0887072267,2238,Open Library,
1576834344,Message,"Peterson, Eugene H.,",,,2003,220.5/208,2002152910,,,Library of Congress,
0687017084,The Bible in Time,Stephen H. Travis,,Abingdon Press,April 1997,,,CatalogNumber 0687017084,280,Open Library,
0856489174,Message of the Bible,"Keeley, Robin.",,,1988,220.6,87002822,,,Library of Congress,
0806620404,Bibliis moscavlis saxelmzganelo,"Dowley, Tim.",1. gamoc`ema.,,1998,,2004551756,,,Library of Congress,
080245562x,Moody guide to the Bible,"Dowley, Tim.",Moody Press ed.,,1986,220.6/1,86012461,,,Library of Congress,
1560066733,King James Bible,"Corzine, Phyllis,",,,2000,220.5/2038,99044140,,,Library of Congress,
080245951x,Unknown Title,,,,,,,CatalogNumber 080245951x,,,Metadata not found
0551013729,Discovering the Bible,Tim Dowley,,Marshall Pickering,1986,,,CatalogNumber 0551013729,144,Open Library,
1565631455,Cities of the biblical world,"DeVries, LaMoine F.,",,,1997,220.9,97002235,,,Library of Congress,
0840751621,Bible almanac,"Packer, J. I. (James Innell)",,,1980,220.3,79023475,,,Library of Congress,
0800619226,Basic biblical geography,"Baly, Denis.",,,1987,220.9/1,86045206,,,Library of Congress,
0025006053,Macmillan Bible atlas,"Aharoni, Yohanan,",Completely rev. 3rd ed. /,,1993,220.9/1/0223,92027895,,,Library of Congress,
0883449463,Not counting women and children,"McKenna, Megan.",,,1994,220.8/3054,93036627,,,Library of Congress,
083081423x,Hard sayings of the Bible,"Kaiser, Walter C., (Walter Christian),",,,1996,220.6,96028488,,,Library of Congress,
0802843581,"Pharisees, scribes, and Sadducees in Palestinian society","Saldarini, Anthony J.",[New ed.].,,2001,305.6/96033,2001272262,,,Library of Congress,
0687462894,Land and the Book,"Page, Charles R.",,,1993,220.9/1,92043245,,,Library of Congress,
0195087070,Oxford history of the biblical world,"Coogan, Michael David.",,,1998,220.9/5,98016042,,,Library of Congress,
0191434515,Oxford Bible atlas,"May, Herbert G. (Herbert Gordon),",3rd ed. /,,1984,220.9/1,84010052,,,Library of Congress,
0840719647,Nelson's 3-D Bible mapbook,"Jenkins, Simon,",,,1995,220.91/022/3,94045223,,,Library of Congress,
9781596361638,Deluxe Then and Now Bible Maps,Rose Publishing,,"Rose Publishing, Inc.","January 7, 2008",,,CatalogNumber 9781596361638,40,Open Library,
0060655410,Harper's Bible commentary,"Mays, James Luther.",,,1988,220.7,88045148,,,Library of Congress,
0060727063,Hours of power,"Schuller, Robert H. (Robert Harold),",1st ed.,,2004,242/.2,2004047262,,,Library of Congress,
0060608811,The New Testament background,C. K. Barrett,,Harper & Row,1989,,,CatalogNumber 0060608811,361,Open Library,
9780802459657,new manners & customs of Bible times,"Gower, Ralph,",Rev. and updated ed.,,2005,220.9/5,2006275693,,,Library of Congress,
1586606794,layman's Bible handbook,"Knight, George W. (George Wendell),",,,2003,220.6/1,2004299486,,,Library of Congress,
9780830821617,John Stott Bible Studies,John R. W. Stott,,IVP Connect,2008,,,CatalogNumber 9780830821617,,Open Library,
9780385522274,To bless the space between us,"O'Donohue, John,",1st ed.,,2008,242/.8,2007031558,,,Library of Congress,
9780060777500,Devotional classics,"Foster, Richard J.",Rev. and expanded,,2005,242,2005922023,,,Library of Congress,
9781430055006,Entrusted - Bible Study Book,Pricilla Shirer,,LifeWay Press,"Sep 01, 2016",,,CatalogNumber 9781430055006,192,Open Library,
9780767332750,"Jesus, the One & Only","Beth Moore, Dale McCleskey",,Lifeway Christian Resources,"December 31, 2000",,,CatalogNumber 9780767332750,,Open Library,
9781430028604,Children of the Day - Bible Study Book,Pricilla Shirer,,LifeWay Press,"May 01, 2014",,,CatalogNumber 9781430028604,240,Open Library,
0687028272,best of Davie Napier,"Napier, Bunyan Davie.",,,1992,221.6,92022864,,,Library of Congress,
0664222315,Reverberations of faith,"Brueggemann, Walter.",1st ed.,,2002,230/.0411,2002016869,,,Library of Congress,
0687013488,theological introduction to the Old Testament,"Birch, Bruce C.",,,1999,230/.0411,99037736,,,Library of Congress,
0830702253,Old Testament in living pictures,"Alexander, David,",[1st ed.],,1973,221.9/0222,73085490,,,Library of Congress,
0687396700,storyteller's companion to the Bible,"Williams, Michael E. (Michael Edward),",,,1991,220.9/505,90026289,,,Library of Congress,
0687396719,The Storyteller's Companion to the Bible,James C. Howell,,Abingdon Press,January 1992,,,CatalogNumber 0687396719,208,Open Library,
0687396727,The Storyteller's Companion to the Bible,Michael E. Williams,,Abingdon Press,October 1992,,,CatalogNumber 0687396727,192,Open Library,
0687396743,The Storyteller's Companion to the Bible,Michael E. Williams,,Abingdon Press,August 1993,,,CatalogNumber 0687396743,208,Open Library,
0687396751,The Storyteller's Companion to the Bible,Michael E. Williams,,Abingdon Press,April 1994,,,CatalogNumber 0687396751,,Open Library,
0687008387,The Storyteller's Companion to the Bible,Michael E. Williams,,Abingdon Press,May 1996,,,CatalogNumber 0687008387,196,Open Library,
068700120x,The Storyteller's Companion to the Bible: The Prophets II,Michael Edward Williams,,,1991,,,CatalogNumber 068700120x,0,Google Books,
0687055857,The Storyteller's Companion to the Bible,Dennis E. Smith,,Abingdon Press,October 1996,,,CatalogNumber 0687055857,202,Open Library,
0687082498,The Storyteller's Companion to the Bible,Michael E. Williams,,Abingdon Press,September 1998,,,CatalogNumber 0687082498,208,Open Library,
0687082722,The Storyteller's Companion to the Bible,Michael E. Williams,,Abingdon Press,February 1999,,,CatalogNumber 0687082722,208,Open Library,
0671441035,Heritage,"Eban, Abba Solomon,",,,1984,909/.04924,84002696,,,Library of Congress,
0310362911,Chronological and background charts of the Old Testament,"Walton, John H.,",,,1978,221/.02/02,77017108,,,Library of Congress,
0687066840,Abingdon first guide,"Travis, Stephen.",,,1996,220.6/1,96012802,,,Library of Congress,
0824505409,How to read the Old Testament,"Charpentier, Etienne.",,,1982,221.6/1,82012728,,,Library of Congress,
0824505409,How to read the Old Testament,"Charpentier, Etienne.",,,1982,221.6/1,82012728,,,Library of Congress,
0827602529,Tanakh =,Jewish Publication Society.,1st ed.,,1985,221.5/2,85010006,,,Library of Congress,
0805462848,history of Israel,"Kaiser, Walter C., (Walter Christian),",,,1998,221.9/5,97009718,,,Library of Congress,
0664258166,The Ten Commandments (The William Barclay Library),William L. Barclay,,Westminster John Knox Press,"March 1, 1999",,,CatalogNumber 0664258166,208,Open Library,
0385313330,Wrestling With Angels,"Naomi H. Rosenblatt, Joshua Horwitz",,Delta,"September 1, 1996",,,CatalogNumber 0385313330,416,Open Library,
0060525096,Abraham,Bruce Feiler,,Harper Perennial,"February 17, 2004",,,CatalogNumber 0060525096,256,Open Library,
0380977761,Abraham,"Feiler, Bruce,",1st ed.,,2002,222/.11092,2002070309,,,Library of Congress,
0939697114,Numbers and Deuteronomy,"Deming, Lynne M.",,,1988,220.7 s 222/.1407,88178389,,,Library of Congress,
0939697106,Exodus and Leviticus,"Schoville, Keith N.",,,1988,220.7 s 222/.1207,88178356,,,Library of Congress,
0804231028,Exodus,"Fretheim, Terence E.",,,1991,222/.1207,90040392,,,Library of Congress,
0939697092,Genesis,"Hinton, Linda B.",,,1988,220.7 s 222/.1107,88178342,,,Library of Congress,
080423101x,Genesis,"Brueggemann, Walter.",,,1982,222/.1107,81082355,,,Library of Congress,
0804231052,Deuteronomy,"Miller, Patrick D.",,,1990,222/.1507,90032986,,,Library of Congress,
0804231044,Numbers,"Olson, Dennis T.",,,1996,222/.1407,96000275,,,Library of Congress,
939697157,Unknown Title,,,,,,,CatalogNumber 939697157,,,Metadata not found
0804231095,First and Second Kings,"Nelson, Richard D. (Richard Donald),",,,1987,222/.507,87009883,,,Library of Congress,
0939697149,First and Second Kings,"Hinton, Linda B.",,,1988,220.7 s 222/.507,88179472,,,Library of Congress,
0939697130,First and Second Samuel,"Johnson, Frank,",,,1988,220.7 s 222/.407,88178409,,,Library of Congress,
0804231087,First and Second Samuel,"Brueggemann, Walter.",,,1990,222/.407,89048936,,,Library of Congress,
0804231273,Jeremiah,"Clements, R. E. (Ronald Ernest),",,,1988,224/.207,88009339,,,Library of Congress,
1573226475,Psalms,"Norris, Kathleen,",1st Riverhead ed.,,1997,223/.2052032,97019048,,,Library of Congress,
080423115x,Psalms,"Mays, James Luther.",,,1994,223/.207,93032887,,,Library of Congress,
0835806227,Living the Psalms,"Dunnam, Maxie D.",,,1990,223/.206,90083523,,,Library of Congress,
0806621206,message of the Psalms,"Brueggemann, Walter.",,,1984,223/.207,84021734,,,Library of Congress,
0809138891,book of Job,"Murphy, Roland E. (Roland Edmund),",,,1999,223/.107,99034535,,,Library of Congress,
0805410856,Trusting God through the worst of times,"Gage, Kenneth G.,",,,1993,223/.1/007,92042619,,,Library of Congress,
0804231141,Job,"Janzen, J. Gerald,",,,1985,223/.107,84048512,,,Library of Congress,
0804231117,Ezra-Nehemiah,"Throntveit, Mark A.,",,,1992,222/.707,91032970,,,Library of Congress,
0804231184,Ezekiel,"Blenkinsopp, Joseph,",,,1990,224/.407,89015564,,,Library of Congress,
0804231281,Hosea--Micah,"Limburg, James,",,,1988,224/.907,87046293,,,Library of Congress,
0804231311,Isaiah 1-39,"Seitz, Christopher R.",,,1993,224/.1077,93003263,,,Library of Congress,
080423132x,Isaiah 40-66,"Hanson, Paul D.",,,1995,224/.1077,95005534,,,Library of Congress,
0804231222,Daniel,"Towner, W. Sibley (Wayne Sibley),",,,1984,224/.507,83018791,,,Library of Congress,
080423129x,Nahum--Malachi,"Achtemeier, Elizabeth Rice,",,,1986,224/.097,85045458,,,Library of Congress,
084993365x,handwriting on the wall,"Jeremiah, David,",,,1992,224/.5015,92023120,,,Library of Congress,
0939697211,Jeremiah and Lamentations,"Hinton, Linda B.",,,1988,220.7 s 224/.207,88179703,,,Library of Congress,
0939697203,Isaiah,"Deming, Lynne M.",,,1988,220.7 s 224/.107,88179683,,,Library of Congress,
093969722x,Ezekiel and Daniel,"Hinton, Linda B.",,,1988,220.7 s 224/.407,88179715,,,Library of Congress,
0939697246,Micah through Malachi,"Hinton, Linda B.",,,1988,220.7 s 224/.907,88179732,,,Library of Congress,
0939697238,Hosea through Jonah,"Sargent, James E.",,,1988,220.7 s 224,88179724,,,Library of Congress,
0687419026,Thus says the Lord,"Ward, James Merrill,",,,1991,224/.06,90028590,,,Library of Congress,
0804208417,Prophets on Main Street,"Corbett, J. Elliott (Jack Elliott),",Rev. and exp.,,1978,224,77079597,,,Library of Congress,
0687071089,Prophets & poets,"Emmerson, Grace I.",,,1997,224/.061,97026447,,,Library of Congress,
0802806007,"To build, to plant","Brueggemann, Walter.",,,1991,224/.207,91211872,,,Library of Congress,
0745915280,Book of Prayers,Connell,,Lion Hudson PLC,1988,,,CatalogNumber 0745915280,,Open Library,
0060727063,Hours of power,"Schuller, Robert H. (Robert Harold),",1st ed.,,2004,242/.2,2004047262,,,Library of Congress,
0664221742,The New Testament : Volume 1 : The Gospels and the Acts of the Apostles,William L. Barclay,,Collins,1968,,,CatalogNumber 0664221742,352,Open Library,
0060514574,In search of Paul,"Crossan, John Dominic.",1st ed.,,2004,225.9/2,2004302914,,,Library of Congress,
9780802871787,What Saint Paul Really Said,N. T. Wright,,Eerdmans,"Sep 05, 2014",,,CatalogNumber 9780802871787,245,Open Library,
0785214240,Exploring the New Testament world,"Bell, Albert A.,",,,1998,225.9/5,98008168,,,Library of Congress,
0664227546,people's New Testament commentary,"Boring, M. Eugene.",1st ed.,,2004,225.7,2004043029,,,Library of Congress,
0687066964,Abingdon first guide,"Travis, Stephen.",,,1996,220.6/1,96012802,,,Library of Congress,
0664227546,people's New Testament commentary,"Boring, M. Eugene.",1st ed.,,2004,225.7,2004043029,,,Library of Congress,
0687030439,Bible and the historian,"Minear, Paul Sevier,",,,2002,225.6/7,2002008839,,,Library of Congress,
0824505417,How to read the New Testament,"Charpentier, Etienne.",,,1982,225.6/1,82013028,,,Library of Congress,
9780060738174,Misquoting Jesus,"Ehrman, Bart D.",1st ed.,,2005,225.4/86,2005046326,,,Library of Congress,
0891097287,message,"Peterson, Eugene H.,",,,1993,225.5/209,92063203,,,Library of Congress,
0800608976,Hear then the parable,"Scott, Bernard Brandon,",,,1989,226/.806,88045248,,,Library of Congress,
0830817778,Dictionary of Jesus and the Gospels,"Green, Joel B.,",,,1992,226/.03,91032382,,,Library of Congress,
9780664227869,Matthew for everyone,"Wright, N. T. (Nicholas Thomas)",2nd ed.,,2004,226.2/077,2006296518,,,Library of Congress,
9780664227876,Matthew for everyone,"Wright, N. T. (Nicholas Thomas)",2nd ed.,,2004,226.2/077,2006296518,,,Library of Congress,
0832910627,The Cotton Patch Version of Matthew and John,Clarence Jordan,,New Win Publishing,1970,,,CatalogNumber 0832910627,0,Google Books,
0804231265,Matthew,"Hare, Douglas R. A.",,,1993,226.2/07,92017838,,,Library of Congress,
066422492x,"The Gospel of Matthew, Volume Two",William Barclay,,Westminster John Knox Press,2002-01-01,,,CatalogNumber 066422492x,0,Google Books,
0664224911,Gospel of Matthew,"Barclay, William,",Rev. and updated.,,2001,226.2/077,2001046940,,,Library of Congress,
0840774842,Gospel parallels,"Throckmorton, Burton Hamilton,",5th ed.,,1992,226/.1,92029948,,,Library of Congress,
066424100x,Gospel of Matthew,"Barclay, William,",Rev. ed.,,1975,226/.2/077,74028251,,,Library of Congress,
1573225096,Mary Magdalen,"Haskins, Susan.",,,1995,226/.092,95022202,,,Library of Congress,
0570032687,Jesus/now,"Brandt, Leslie F.",,,1978,226/.09505,77028652,,,Library of Congress,
9780664227838,Mark for everyone,"Wright, N. T. (Nicholas Thomas)",2nd ed.,,2004,226.3/077,2006296516,,,Library of Congress,
0664241026,Gospel of Mark,"Barclay, William,",,,1975,226/.3/077,74028250,,,Library of Congress,
0664224881,Gospel of Mark,"Barclay, William,",,,2001,226.3/077,2001046839,,,Library of Congress,
0802819478,"Poet & peasant ; and, Through peasant eyes","Bailey, Kenneth E.",Combined ed.,,1983,226/.406,83005581,,,Library of Congress,
9780802819475,"Poet & peasant ; and, Through peasant eyes","Bailey, Kenneth E.",Combined ed.,,1983,226/.406,83005581,,,Library of Congress,
0804231214,Mark,"Williamson, Lamar.",,,1983,226/.307,82017161,,,Library of Congress,
0939697262,Mark,"Weaver, Walter P.",,,1988,220.7 s 226/.307,88180609,,,Library of Congress,
0804231257,John,"Sloyan, Gerard S.,",,,1988,226/.507,87045549,,,Library of Congress,
0664241042,Gospel of John,"Barclay, William,",Rev. ed.,,1975,226/.5/077,74030031,,,Library of Congress,
0664224903,The Gospel of John,William L. Barclay,,Westminster John Knox Press,June 2001,,,CatalogNumber 0664224903,284,Open Library,
9780664227845,Luke for everyone,"Wright, N. T. (Nicholas Thomas)",2nd ed.,,2004,226.4/077,2006296517,,,Library of Congress,
0804231230,Luke,"Craddock, Fred B.,",,,1990,226.4/07,90032985,,,Library of Congress,
0664224873,Gospel of Luke,"Barclay, William,",Rev. and updated ed.,,2001,226.4/077,2001045375,,,Library of Congress,
0664224903,The Gospel of John,William L. Barclay,,Westminster John Knox Press,June 2001,,,CatalogNumber 0664224903,284,Open Library,
0883449757,Parables,"McKenna, Megan.",,,1994,226.8/06,94016333,,,Library of Congress,
1573121673,Studying the parables of Jesus,"Jones, Peter Rhea.",,,1999,226.8/06,97008700,,,Library of Congress,
0817006869,And he had compassion,"Barclay, William,",[Rev. ed.; Judson Press ed.],,1976,232.9/5,75028099,,,Library of Congress,
066425828x,The Parables of Jesus,William Barclay,,Westminster John Knox Press,1999-02-01,,,CatalogNumber 066425828x,228,Google Books,
9780664227968,Acts for everyone,"Wright, N. T. (Nicholas Thomas)",,,2008,226.6/077,2007046616,,,Library of Congress,
9780664227951,Acts for everyone,"Wright, N. T. (Nicholas Thomas)",,,2008,226.6/077,2007046616,,,Library of Congress,
9780664227906,John for everyone,"Wright, N. T. (Nicholas Thomas)",2nd ed.,,2004,226.5/077,2006296519,,,Library of Congress,
9780664227890,John for everyone,"Wright, N. T. (Nicholas Thomas)",2nd ed.,,2004,226.5/077,2006296519,,,Library of Congress,
0023605103,Parables of Jesus (2nd Edition),"Jeremias, Joachim",,Prentice Hall,"January 1, 1972",,,CatalogNumber 0023605103,248,Open Library,
9780664258283,The Parables of Jesus (The William Barclay Library),William L. Barclay,,Westminster John Knox Press,February 1999,,,CatalogNumber 9780664258283,222,Open Library,
9780664258153,The Lord's Prayer (The William Barclay Library),William L. Barclay,,Westminster John Knox Press,February 1999,,,CatalogNumber 9780664258153,128,Open Library,
0664258158,The Lord's Prayer (The William Barclay Library),William L. Barclay,,Westminster John Knox Press,February 1999,,,CatalogNumber 0664258158,128,Open Library,
9780687642243,eight blessings,"Stanford, Shane,",,,2007,241.5/3,2006101289,,,Library of Congress,
0849913241,applause of heaven,"Lucado, Max.",,,1996,226.9/306,96158744,,,Library of Congress,
084991423x,The Applause of Heaven,Max Lucado,,,1996,,,CatalogNumber 084991423x,755,Google Books,
0687078407,Paul and the Corinthians,"Wingard, Robert W.",,,1999,227/.206,00708588,,,Library of Congress,
0939697319,1 and 2 Corinthians,"Madsen, Norman P.",,,1988,220.7 s 227/.207,88180780,,,Library of Congress,
0830815708,Reframing Paul,"Strom, Mark,",,,2000,225.9/2,00057541,,,Library of Congress,
0800620941,Pauline parallels,"Fred O. Francis, J. Paul Sampley",,Fortress Press,1992,,,CatalogNumber 0800620941,373,Open Library,
0832910414,The Cotton Patch Version of Paul's Epistles,Clarence Jordan,,New Win Publishing,1968,,,CatalogNumber 0832910414,168,Google Books,
0060610638,What Paul really said about women,"Bristow, John Temple.",1st HarperCollins pbk. ed.,,1991,227/.083054,90041962,,,Library of Congress,
0687006147,"Lord, teach us","Willimon, William H.",,,1996,226.9/606,96001529,,,Library of Congress,
0835806561,Praying through the Lord's prayer,"Harper, Steve,",,,1992,,91067166,,,Library of Congress,
0664227910,Paul for everyone,"Wright, N. T. (Nicholas Thomas)",2nd ed.,,2004,227/.2077,2006296530,,,Library of Congress,
0853646228,Conflict and community in Corinth,Ben Witherington,,"Eerdmans, Paternoster Press",1995,,,CatalogNumber 0853646228,492,Open Library,
0939697319,1 and 2 Corinthians,"Madsen, Norman P.",,,1988,220.7 s 227/.207,88180780,,,Library of Congress,
0830815708,Reframing Paul,"Strom, Mark,",,,2000,225.9/2,00057541,,,Library of Congress,
0804231435,First and second Timothy and Titus,"Oden, Thomas C.",,,1989,227/.8307,89009071,,,Library of Congress,
0804231400,Philippians,"Craddock, Fred B.,",,,1985,227/.607,84047797,,,Library of Congress,
0804231397,"Ephesians, Colossians, and Philemon","Martin, Ralph P.",,,1991,227,91037588,,,Library of Congress,
0687090237,Paul and the Galatians,"Stroble, Paul E.,",,,2000,,2001615586,,,Library of Congress,
939697327,Unknown Title,,,,,,,CatalogNumber 939697327,,,Metadata not found
0804231389,Galatians,"Cousar, Charles B.",,,1982,227/.407,81082354,,,Library of Congress,
9780664225599,letters to the Galatians and Ephesians,"Barclay, William,",3rd ed. fully rev. & updated.,,2002,,2004270018,,,Library of Congress,
0664227929,Paul for everyone,"Wright, N. T. (Nicholas Thomas)",2nd ed.,,2004,227/.3077,2006296529,,,Library of Congress,
0804231354,Second Corinthians,"Best, Ernest.",,,1987,227/.307,86045404,,,Library of Congress,
0804231443,First Corinthians,"Hays, Richard B.",,,1997,227/.207,97002637,,,Library of Congress,
0664244289,Other gospels,"Cameron, Ron.",1st ed.,,1982,229/.8052,82008662,,,Library of Congress,
0060727918,Gospels of Mary,"Meyer, Marvin W.",1st ed.,,2004,229/.8,2004300570,,,Library of Congress,
0687089557,Stories between the testaments,"Kimbrough, Marjorie L.,",,,2000,229/.061,99054187,,,Library of Congress,
9780664227975,Revelation for everyone,"Wright, N. T. (Nicholas Thomas)",,,2011,228/.077,2011028912,,,Library of Congress,
0804231508,Revelation,"Boring, M. Eugene.",,,1989,228/.07,89001829,,,Library of Congress,
0804231478,"First, Second, and Third John","Smith, D. Moody (Dwight Moody)",,,1991,227/.9407,91003484,,,Library of Congress,
093969736x,James through Jude,"Johnson, Earl S.,",,,1988,220.7 s 227/.907,88180764,,,Library of Congress,
9781933663401,For the love of God,"Gonzalez, Justo L.",,,2010,,2009937817,,,Library of Congress,
9780664225575,letters of John and Jude,"Barclay, William,",3rd ed.,,2002,,2003270277,,,Library of Congress,
0804231451,"First and Second Peter, James, and Jude","Perkins, Pheme.",,,1995,227/.907,94038274,,,Library of Congress,
0804231338,Hebrews,"Long, Thomas G.,",,,1997,227/.8707,96049258,,,Library of Congress,
0824519418,scandalous message of James,"Tamez, Elsa.",Rev. ed.,,2002,227/.9106,2002000607,,,Library of Congress,
9780664225582,Letter to the Hebrews,"Barclay, William,","3rd ed., fully rev. and updated.",,2002,227/.87/077,2004271605,,,Library of Congress,
0939697351,Hebrews,"Wolcott, Leonard T.",,,1988,220.7 s 227/.8707,88180885,,,Library of Congress,
0060619023,Living with contradiction,"De Waal, Esther.",1st U.S. ed.,,1989,255/.106,89045233,,,Library of Congress,
0060256737,light in the attic,"Silverstein, Shel.",,,2005,811.008/09282,2006273385,,,Library of Congress,
0939697343,"1 and 2 Timothy, Titus, and Philemon","Sargent, James E.",,,1988,220.7 s 227.8,88180879,,,Library of Congress,
0664227945,Paul for everyone,"Wright, N. T. (Nicholas Thomas)",2nd ed.,,2004,227/.83077,2006296527,,,Library of Congress,
0939697335,Philippians through Second Thessalonians,"Blair, Edward Payson,",,,1988,220.7 s 227,88180809,,,Library of Congress,
9781933663401,For the love of God,"Gonzalez, Justo L.",,,2010,,2009937817,,,Library of Congress,
9780664225575,letters of John and Jude,"Barclay, William,",3rd ed.,,2002,,2003270277,,,Library of Congress,
0804231451,"First and Second Peter, James, and Jude","Perkins, Pheme.",,,1995,227/.907,94038274,,,Library of Congress,
0804231338,Hebrews,"Long, Thomas G.,",,,1997,227/.8707,96049258,,,Library of Congress,
0824519418,scandalous message of James,"Tamez, Elsa.",Rev. ed.,,2002,227/.9106,2002000607,,,Library of Congress,
9780664225582,Letter to the Hebrews,"Barclay, William,","3rd ed., fully rev. and updated.",,2002,227/.87/077,2004271605,,,Library of Congress,
0939697351,Hebrews,"Wolcott, Leonard T.",,,1988,220.7 s 227/.8707,88180885,,,Library of Congress,
066424428289,Unknown Title,,,,,,,CatalogNumber 066424428289,,,Metadata not found
0060727918,Gospels of Mary,"Meyer, Marvin W.",1st ed.,,2004,229/.8,2004300570,,,Library of Congress,
0687089557,Stories between the testaments,"Kimbrough, Marjorie L.,",,,2000,229/.061,99054187,,,Library of Congress,
9780664227975,Revelation for everyone,"Wright, N. T. (Nicholas Thomas)",,,2011,228/.077,2011028912,,,Library of Congress,
9781426752513,way,"Hamilton, Adam,",,,2012,232.9/5,2012285012,,,Library of Congress,
0849958423,Small gifts in God's hands,"Lucado, Max.",,,2000,[E],00033945,,,Library of Congress,
0439372658,All you ever need,Max Lucado,,Scholastic Inc.,2001,,,CatalogNumber 0439372658,,Open Library,
04394111173,Unknown Title,,,,,,,CatalogNumber 04394111173,,,Metadata not found
0764222627,Glow-in-the-dark fish,"Reinhard, B. J.",,,2000,242/.62,00008272,,,Library of Congress,
084995830x,Jacob's gift,"Lucado, Max.",,,1998,[E],98006490,,,Library of Congress,
039922503x,bracelet,"Uchida, Yoshiko.",,,1993,[E],92026196,,,Library of Congress,
0439642868,Best of All,Max Lucado,,Scholastic,"Mar 15, 2004",,,CatalogNumber 0439642868,,Open Library,
0817009450,shoemaker's dream,"Kasuya, Masahiro.",,,1982,[E],82128770,,,Library of Congress,
0439436761,You are mine,Max Lucado,,Scholastic,2002,,,CatalogNumber 0439436761,31,Open Library,
0891079319,You are special,"Lucado, Max.",,,1997,[E],97005387,,,Library of Congress,
1883220971,When God made the tree,"Kroll, Virginia L.",1st ed.,,1999,582.16,99012163,,,Library of Congress,
1581341342,All you ever need,"Lucado, Max.",,,2000,[Fic],99045155,,,Library of Congress,
1563974681,My freedom trip,"Park, Frances,",1st ed.,,1998,[E],97077911,,,Library of Congress,
9781878685438,Pagemaster,"Kirschner, David,",1st ed.,,1993,[Fic],93060644,,,Library of Congress,
0789449439,secret garden,"McKellar, Shona.",1st American ed.,,1999,[Fic],99033392,,,Library of Congress,
0060248025,Falling up,"Silverstein, Shel.",,,1996,811/.54,96075736,,,Library of Congress,
0664255116,Westminster dictionary of theological terms,"McKim, Donald K.",1st ed.,,1996,230/.03,96021588,,,Library of Congress,
9781405114240,Theology,"McGrath, Alister E.,",,,2004,230,2003022140,,,Library of Congress,
0687084105,This Is Christianity,Maxie Dunnam,,Abingdon Press,January 1998,,,CatalogNumber 0687084105,,Open Library,
0687287529,Becoming a thinking Christian,"Cobb, John B.",,,1993,230/.044,93014951,,,Library of Congress,
0836192362,upside-down kingdom,"Kraybill, Donald B.",25th anniversary ed.,,2003,231.7/2,2003006054,,,Library of Congress,
0687325692,Understanding the Kingdom of God,Georgia Harkness,,Abingdon Press,"August 30, 2005",,,CatalogNumber 0687325692,176,Open Library,
0687173108,Holy Spirit in the Wesleyan heritage,"Stokes, Mack B.",,,1985,231/.044,85006146,,,Library of Congress,
0892839090,The Greatest Counselor in the World,Lloyd John Ogilvie,,Servant Ministries,September 1995,,,CatalogNumber 0892839090,,Open Library,
1570753326,"Holy Trinity, perfect community","Boff, Leonardo.",,,2000,231/.044,00038508,,,Library of Congress,
0140446737,Revelations of divine love (short text and long text),"Julian,",,,1998,242,99199183,,,Library of Congress,
0385482612,What is God?,"Girzone, Joseph F.",1st ed.,,1996,231/.4,96023179,,,Library of Congress,
0060667133,C.S. Lewis's Case for Christian Faith,Richard L. Purtill,,HarperSanFrancisco,January 1985,,,CatalogNumber 0060667133,146,Open Library,
0664222420,Encountering God,"Purves, Andrew,",1st ed.,,2000,230/.51,2001274300,,,Library of Congress,
0882709488,Confessions,"Augustine,",,,2003,,2004556784,,,Library of Congress,
9781426714252,journey,"Hamilton, Adam,",,,2011,232.92,2011020914,,,Library of Congress,
9781426752513,way,"Hamilton, Adam,",,,2012,232.9/5,2012285012,,,Library of Congress,
0060616296,The historical Jesus,John Dominic Crossan,,HarperSanFrancisco,1992,,,CatalogNumber 0060616296,507,Open Library,
0060609168,Meeting Jesus again for the first time,"Borg, Marcus J.",1st ed.,,1994,232.9/08,93025390,,,Library of Congress,
0880705744,God came near,Max Lucado,,Multnomah Press,1987,,,CatalogNumber 0880705744,199,Open Library,
0896932443,The Master,John Charles Pollock,,Victor Books,1985,,,CatalogNumber 0896932443,240,Open Library,
9654340011,WITH JESUS THROUGH GALILEE ACCORDING TO THE FIFTH GOSPEL,Bargil Pixner,,Corazin,1992,,,CatalogNumber 9654340011,,Open Library,
0060970804,Jesus through the centuries,"Pelikan, Jaroslav,",1st Perennial Library ed.,,1987,232.9/04,86045679,,,Library of Congress,
9781426714252,journey,"Hamilton, Adam,",,,2011,232.92,2011020914,,,Library of Congress,
9781426752513,way,"Hamilton, Adam,",,,2012,232.9/5,2012285012,,,Library of Congress,
0060609168,Meeting Jesus again for the first time,"Borg, Marcus J.",1st ed.,,1994,232.9/08,93025390,,,Library of Congress,
0060616296,The historical Jesus,John Dominic Crossan,,HarperSanFrancisco,1992,,,CatalogNumber 0060616296,507,Open Library,
0310755301,Reliving the passion,"Wangerin, Walter.",,,1992,232.96,91032854,,,Library of Congress,
0745913180,Jesus then and now,"David Watson, David Watson, Simon Jenkins",,Lion in association with Lella Productions,1987,,,CatalogNumber 0745913180,189,Open Library,
0385495137,"Jesus, his life and teachings","Girzone, Joseph F.",1st ed.,,2000,232.9/01 B,99047282,,,Library of Congress,
0687005442,Jesus & the land,"Page, Charles R.",,,1995,226/.091,95007415,,,Library of Congress,
9780310275947,Who is this man?,"Ortberg, John.",,,2012,232.9/04,2019722746,,,Library of Congress,
9780805098549,Killing Jesus,"O'Reilly, Bill.",First edition.,,2013,232.96,2013021752,,,Library of Congress,
0300048645,From Jesus to Christ,Paula Fredriksen,,Yale University Press,"July 25, 1990",,,CatalogNumber 0300048645,268,Open Library,
9781426746802,Final words from the cross,"Hamilton, Adam,",,,2011,232.96/35,2011037240,,,Library of Congress,
0895772574,Jesus and his times,Reader's Digest Association.,,,1987,232.9,86024857,,,Library of Congress,
0060674318,Forgive and forget,Lewis B. Smedes,,HarperSanFrancisco,1996,,,CatalogNumber 0060674318,151,Open Library,
0826408885,process of forgiveness,"Meninger, William.",,,1996,234/.5,95052494,,,Library of Congress,
0802428843,freedom of forgiveness,"Augsburger, David W.",,,1988,234/.5,88005292,,,Library of Congress,
0874869927,Why forgive?,"Arnold, Johann Christoph,",,,2000,234/.5,99050827,,,Library of Congress,
0664226345,meal Jesus gave us,"Wright, N. T. (Nicholas Thomas)",1st U.S. ed.,,2002,234/.163,2003041159,,,Library of Congress,
0835803996,Remember who you are,"Willimon, William H.",,,1980,234/.161,79093359,,,Library of Congress,
0687367077,Sacraments as God's self giving,"White, James F.",,,1983,234/.16,83002659,,,Library of Congress,
0687023645,"Baptism, Christ's act in the church","Stookey, Laurence Hull,",,,1982,234/.161,81017590,,,Library of Congress,
068733327x,This gift of water,"Felton, Gayle Carlton,",,,1992,234/.161,92028386,,,Library of Congress,
0849911435,In the grip of grace,"Lucado, Max,",,,1996,248.4,2019714897,,,Library of Congress,
0687057159,Freed by grace,"Brady, Hal.",,,1998,248.4/876,99165404,,,Library of Congress,
0310245656,What's So Amazing About Grace?,Philip Yancey,,Zondervan,"February 1, 2002",,,CatalogNumber 0310245656,304,Open Library,
0849911389,gentle thunder,"Lucado, Max.",,,1995,242/.5,2019718977,,,Library of Congress,
0835807789,carpenter and the unbuilder,"Griebner, David M.,",,,1996,813/.54,96004552,,,Library of Congress,
0835805840,Book of Christmas,"Upper Room (Publisher : Nashville, Tenn.)",,,1988,242/.33,88050244,,,Library of Congress,
0687009529,More meditations to make you smile,"Beckman, Martha J.,",,,1997,242,99226688,,,Library of Congress,
9780684815008,cost of discipleship,"Bonhoeffer, Dietrich,",1st Touchstone ed.,,1995,241.5/3,95022223,,,Library of Congress,
068746661x,"Yes, Lord, I have sinned, but I have several excellent excuses","Moore, James W. (James Wendell),",,,1991,241/.3,90040832,,,Library of Congress,
006063796x,moral vision of the New Testament,"Hays, Richard B.",1st ed.,,1996,241/.09/015,96011845,,,Library of Congress,
9780664258269,The Apostles' Creed (The William Barclay Library),William L. Barclay,,Westminster John Knox Press,February 1999,,,CatalogNumber 9780664258269,320,Open Library,
0664258263,The Apostles' Creed (The William Barclay Library),William L. Barclay,,Westminster John Knox Press,February 1999,,,CatalogNumber 0664258263,320,Open Library,
978068704351490000,Unknown Title,,,,,,,CatalogNumber 978068704351490000,,,Metadata not found
1893361187,Labyrinths from the outside in,"Schaper, Donna.",,,2000,291.3/7,00010978,,,Library of Congress,
0829813438,Praying the labyrinth,"Geoffrion, Jill Kimberly Hartwell,",,,1999,248.4/6,99034495,,,Library of Congress,
0801559502,Positive prayers for power-filled living,"Schuller, Robert H. (Robert Harold),",,,1976,242/.8,75020901,,,Library of Congress,
0877886466,Prayers across the centuries,"Wright, Vinita Hampton,",,,1993,242/.8,92032268,,,Library of Congress,
9781557252005,Abba Father,"Hyde, William De Witt,",,,1998,242/.8,98004937,,,Library of Congress,
0827212410,Grant us your peace,"Grant, David R.",,,1998,242,98034593,,,Library of Congress,
0807023086,Guide my feet,"Edelman, Marian Wright.",,,1995,242/.645,95008661,,,Library of Congress,
0345432975,wisdom of St. Patrick,"Tobin, Greg.",1st ed.,,1999,270.2/092 B,98046505,,,Library of Congress,
0849917433,I married adventure,"Swindoll, Luci,",,,2002,277.3/082/092 B,2019720708,,,Library of Congress,
0060663766,Bread for the journey,"Nouwen, Henri J. M.",1st ed.,,1997,242/.2,96023679,,,Library of Congress,
0687057019,Wesleyan spiritual reader,"Job, Rueben P.",,,1997,242/.2,97038332,,,Library of Congress,
0310584817,Daily thoughts for disciples,"Chambers, Oswald,",,,1992,242/.2,92008294,,,Library of Congress,
0835806804,Weavings reader,"Mogabgab, John S.",,,1993,248,92061443,,,Library of Congress,
0817011617,Looking for God in all the wrong places?,"Seymour, Jody,",,,1990,242,90035466,,,Library of Congress,
0840777698,Sparks in the dark,"Walsh, Sheila,",,,1992,242,92013104,,,Library of Congress,
0817012699,Finding God between the lines,"Seymour, Jody,",,,1997,242,97014980,,,Library of Congress,
0687292115,"Dear Lord, they want me to give the devotions!","Schroeder, John D.",,,1993,242,94177451,,,Library of Congress,
1560063254,Life on a medieval pilgrimage,"Nardo, Don,",,,1996,248.4/63/0902,95020488,,,Library of Congress,
0060604018,Guide to Daily Prayer,William L. Barclay,,Harpercollins,June 1974,,,CatalogNumber 0060604018,,Open Library,
0835807681,Opening to God,"Bohler, Carolyn Stahl,",Completely rev. and expanded.,,1996,,95062356,,,Library of Congress,
0687038928,Memories of God,"Bondi, Roberta C.",,,1995,230/.044/092 B,94037755,,,Library of Congress,
0687273269,In ordinary time,"Bondi, Roberta C.",,,1996,248.3/2,96016772,,,Library of Congress,
080071251x,My utmost for His Highest,"Chambers, Oswald,",[Large print ed.].,,1981,242/.2,81137492,,,Library of Congress,
0835808033,Children and prayer,"Cloyd, Betty Shannon.",,,1997,248.3/2/083,96046093,,,Library of Congress,
0687084326,Prayer and devotional life of United Methodists,"Harper, Steve,",,,1999,248/.088/27,99041013,,,Library of Congress,
1557251983,Creative prayer,"Herman, E. (Emily),",,,1998,248.3/2,98010845,,,Library of Congress,
083580559x,A Guide to Prayer for Ministers and Other Servants,"Rueben P. Job, Norman Shawchuck",,,1987-06,,,CatalogNumber 083580559x,0,Google Books,
0835806138,Guide to prayer for all God's people,"Job, Rueben P.",Deluxe ed.,,1990,242/.3,89051767,,,Library of Congress,
1560063254,Life on a medieval pilgrimage,"Nardo, Don,",,,1996,248.4/63/0902,95020488,,,Library of Congress,
0060604018,Guide to Daily Prayer,William L. Barclay,,Harpercollins,June 1974,,,CatalogNumber 0060604018,,Open Library,
0835807681,Opening to God,"Bohler, Carolyn Stahl,",Completely rev. and expanded.,,1996,,95062356,,,Library of Congress,
0687038928,Memories of God,"Bondi, Roberta C.",,,1995,230/.044/092 B,94037755,,,Library of Congress,
0687273269,In ordinary time,"Bondi, Roberta C.",,,1996,248.3/2,96016772,,,Library of Congress,
080071251x,My utmost for His Highest,"Chambers, Oswald,",[Large print ed.].,,1981,242/.2,81137492,,,Library of Congress,
0835808033,Children and prayer,"Cloyd, Betty Shannon.",,,1997,248.3/2/083,96046093,,,Library of Congress,
0687084326,Prayer and devotional life of United Methodists,"Harper, Steve,",,,1999,248/.088/27,99041013,,,Library of Congress,
1557251983,Creative prayer,"Herman, E. (Emily),",,,1998,248.3/2,98010845,,,Library of Congress,
083580559x,A Guide to Prayer for Ministers and Other Servants,"Rueben P. Job, Norman Shawchuck",,,1987-06,,,CatalogNumber 083580559x,0,Google Books,
083580559x,A Guide to Prayer for Ministers and Other Servants,"Rueben P. Job, Norman Shawchuck",,,1987-06,,,CatalogNumber 083580559x,0,Google Books,
0835806138,Guide to prayer for all God's people,"Job, Rueben P.",Deluxe ed.,,1990,242/.3,89051767,,,Library of Congress,
0827221231,Living inside out,"Linn, Jan.",,,1994,242/.4,94012023,,,Library of Congress,
0385092199,Contemplative prayer.,Thomas Merton,,Image Books,1969,,,CatalogNumber 0385092199,116,Open Library,
0835806766,Beginning prayer,"Killinger, John.",Rev. ed.,,1993,,92061439,,,Library of Congress,
0883683520,Release the power of prayer,"Muller, George,",,,1999,289.9 B,99055750,,,Library of Congress,
0281054541,How to Pray,John Pritchard,,Society for Promoting Christian Knowledge,January 2003,,,CatalogNumber 0281054541,128,Open Library,
0835807096,Sacred journeys,"Richardson, Jan L.",,,1995,242/.3,94060658,,,Library of Congress,
0835807835,Responding to God,"Rowlett, Martha Graybeal.",,,1996,248.3/2,96016354,,,Library of Congress,
0835808009,Dimensions of prayer,"Steere, Douglas V. (Douglas Van),",Rev. ed.,,1997,248.3/2,96043268,,,Library of Congress,
0835808068,Gathered in the Word,"Vest, Norvene.",,,1996,220/.07,96043231,,,Library of Congress,
9780060628390,Celebration of discipline,"Foster, Richard J.","20th anniversary ed., 3rd ed., rev. ed.",,1998,248.4/896,98128217,,,Library of Congress,
0849918324,journey,"Graham, Billy,",,,2006,248.4,2019715218,,,Library of Congress,
0687186501,"If experience is such a good teacher, why do I keep repeating the course?","Kalas, J. Ellsworth,",,,1994,170/.44,93044454,,,Library of Congress,
0849939453,When God Whispers Your Name,Max Lucado,,"Nelson Incorporated, Thomas",1996,,,CatalogNumber 0849939453,,Open Library,
0687186501,"If experience is such a good teacher, why do I keep repeating the course?","Kalas, J. Ellsworth,",,,1994,170/.44,93044454,,,Library of Congress,
0687110610,Don't put a period where God put a comma,"Mohney, Nell.",,,1993,248.4,93000359,,,Library of Congress,
0687975700,top ten list for Christians,"Moore, James W. (James Wendell),",,,1999,248.4,99011348,,,Library of Congress,
1557250634,Religion of the heart,"More, Hannah,",,,1993,248.4,93084600,,,Library of Congress,
9780310246954,life you've always wanted,"Ortberg, John.",[Expanded ed.].,,2002,248.4,2003265764,,,Library of Congress,
1573222488,interior castle,"Teresa,",,,2003,248.4/82,2002037086,,,Library of Congress,
0664255485,Soul feast,"Thompson, Marjorie J.,",1st ed.,,1995,248,95005098,,,Library of Congress,
0802841635,Becoming like Jesus,"Van Dyken, Seymour.",,,1996,241,96009148,,,Library of Congress,
9780881775563,A Blueprint For Discipleship Wesleys General Rules As A Guide For Christian Living,Kevin M. Watson,,Discipleship Resources,2009,,,CatalogNumber 9780881775563,127,Open Library,
0687001005,"Empty nest, full life","Drew, Anne Marie.",,,1995,248.8/431,94033044,,,Library of Congress,
0687006104,This too shall pass,"Groseclose, Kel,",,,1995,248.8/45,95020230,,,Library of Congress,
9781426714788,Why?,"Hamilton, Adam,",,,2011,231/.5,2011009103,,,Library of Congress,
0664256619,Proclaim jubilee!,"Harris, Maria.",1st ed.,,1996,263,96000277,,,Library of Congress,
0835808882,Spiritual preparation for Christian leadership,"Hinson, E. Glenn.",,,1999,248.8/92,98055759,,,Library of Congress,
0060922249,Care of the soul,"Moore, Thomas, Thomas Moore, Labyrinth",,HarperPerennial,1994,,,CatalogNumber 0060922249,312,Open Library,
0385418671,return of the prodigal son,"Nouwen, Henri J. M.",1st ed.,,1992,248.4/82,91030587,,,Library of Congress,
0060669640,generation of seekers,"Roof, Wade Clark.",1st ed.,,1993,248.8/4,92053920,,,Library of Congress,
0060677422,Five cries of grief,"Strommen, Merton P.",1st ed.,,1993,248.8/6,91059025,,,Library of Congress,
0962845574,Don't cry past Tuesday,"Poole, Charles E.",,,1996,252/.06132,91042264,,,Library of Congress,
0664255531,Reclaiming the Bible,"Brown, Robert McAfee,",1st ed.,,1994,252/.051,94008687,,,Library of Congress,
0664258476,heart of Black preaching,"LaRue, Cleophus James,",1st ed.,,2000,251/.0089/96073,99043131,,,Library of Congress,
0687338700,Preaching Old Testament,"Holbert, John C.",,,1991,251,91007712,,,Library of Congress,
0687074231,Performing the Word,"Childers, Jana.",,,1998,251,98028390,,,Library of Congress,
0687074703,"Holy root, holy branches","Allen, Ronald J. (Ronald James),",,,1995,251,94048376,,,Library of Congress,
0687094054,Connecting with God,"Miller, Herb.",,,1994,253,94006697,,,Library of Congress,
0787983373,Christian Reflections on The Leadership Challenge,"James M. Kouzes, Barry Z. Posner",,Jossey-Bass,"April 14, 2006",,,CatalogNumber 0787983373,176,Open Library,
0687467756,Who will go for us?,"Campbell, Dennis M.,",,,1994,253/.2,93023623,,,Library of Congress,
0687022266,standard sermons in modern English,"Wesley, John,",,,2002,252/.07,2001055256,,,Library of Congress,
0687028108,standard sermons in modern English,"Wesley, John,",,,2002,252/.07,2001055256,,,Library of Congress,
0687052963,standard sermons in modern English,"Wesley, John,",,,2002,252/.07,2001055256,,,Library of Congress,
0687179289,How to reach baby boomers,"Easum, William M.,",,,1991,259/.084/4,91014244,,,Library of Congress,
1573220280,cloister walk,"Norris, Kathleen,",,,1996,255,96000863,,,Library of Congress,
0687045479,New tools for a new century,"Jewell, John P.,",,,2002,254/.3,2001008573,,,Library of Congress,
0310375614,Inside the mind of unchurched Harry & Mary,"Strobel, Lee,",,,1993,269/.2,2019714762,,,Library of Congress,
0880700238,Life-style evangelism,Aldrich Joseph C,,Spring Arbor Distribution,1983,,,CatalogNumber 0880700238,,Open Library,
0817011951,Carevision,"Robbins, Jerry K.",,,1993,253,93023840,,,Library of Congress,
0806621230,"Christian caregiving, a way of life","Haugk, Kenneth C.,",,,1984,248/.5,84024341,,,Library of Congress,
0802806600,Five smooth stones for pastoral work,"Peterson, Eugene H.,",,,1992,253,92029589,,,Library of Congress,
0687424984,Transforming Bible study,"Wink, Walter.","2nd ed., completely rev. & expanded.",,1989,220/.07,89029889,,,Library of Congress,
0835807827,Rituals for resurrection,"Vogel, Linda Jane.",,,1996,265/.85,96014995,,,Library of Congress,
0687038103,Praising The God of Grace: The Theology Of Charles Wesley's Hymns,"Charles, Jr. Yrigoyen",,Abingdon Press,"April 15, 2005",,,CatalogNumber 0687038103,110,Open Library,
0687078075,52 Hymn Story Devotions,Lucy Neeley Adams,,Abingdon Press,April 2000,,,CatalogNumber 0687078075,72,Open Library,
0687132657,Forbid them not,"Brown, Carolyn C. (Carolyn Carter),",,,1992,264/.0083,90045012,,,Library of Congress,
0835807150,Faces at the cross,"Shepherd, J. Barrie.",,,1995,811/.54,94061266,,,Library of Congress,
0835806650,Sabbath time,"Edwards, Tilden.",,,1992,,92080947,,,Library of Congress,
0802804578,Keeping the Sabbath wholly,"Dawn, Marva J.",,,1989,263/.3,89039371,,,Library of Congress,
0891093028,Turning Committees into Communities,Hestenes,,Navpress Publishing Group,January 1991,,,CatalogNumber 0891093028,32,Open Library,
0679722327,"Adam, Eve, and the serpent","Pagels, Elaine H.,",1st Vintage Books ed.,,1989,241/.66/09015,89040147,,,Library of Congress,
9780062076212,Toxic charity,Robert D. Lupton,,HarperOne,2012,,,CatalogNumber 9780062076212,191,Open Library,
0687084253,loyal opposition,"Sample, Tex.",,,2000,261.8/35766,99050271,,,Library of Congress,
0687027195,Fellowship of love,"Knotts, Alice G.",,,1996,261.8/348/008827,96030274,,,Library of Congress,
0687020883,Forgetting whose we are,"Keck, David,",,,1996,261.8/32196831,96015344,,,Library of Congress,
0800631862,Homosexuality and Christian faith,"Wink, Walter.",,,1999,261.8/35766,99022979,,,Library of Congress,
0896225941,Cancer and faith,"Carmody, John.",,,1994,,94060080,,,Library of Congress,
0687021944,Divinity & diversity,"Suchocki, Marjorie.",,,2003,261.2,2003001114,,,Library of Congress,
0006271367,Timeless at Heart,C. S. Lewis,,HarperCollins Publishers,"July 16, 1987",,,CatalogNumber 0006271367,144,Open Library,
9780664229825,"Hagar, Sarah, and their children","Trible, Phyllis.",1st ed.,,2006,222/.110922,2005043463,,,Library of Congress,
0687016053,Where resident aliens live,"Hauerwas, Stanley,",,,1996,261/.1,96151393,,,Library of Congress,
0687361591,Resident aliens,"Hauerwas, Stanley,",,,1989,261.1,89000294,,,Library of Congress,
9780801031670,Everyday theology,"Vanhoozer, Kevin J.",,,2007,261,2006030278,,,Library of Congress,
55-10767,Unknown Title,,,,,,,CatalogNumber 55-10767,,,Metadata not found
68-54084,Unknown Title,,,,,,,CatalogNumber 68-54084,,,Metadata not found
88-50084,Unknown Title,,,,,,,CatalogNumber 88-50084,,,Metadata not found
62-9387,Unknown Title,,,,,,,CatalogNumber 62-9387,,,Metadata not found
61-14623,Unknown Title,,,,,,,CatalogNumber 61-14623,,,Metadata not found
61-16025,Unknown Title,,,,,,,CatalogNumber 61-16025,,,Metadata not found
85-29773,Unknown Title,,,,,,,CatalogNumber 85-29773,,,Metadata not found
83-51732,Unknown Title,,,,,,,CatalogNumber 83-51732,,,Metadata not found
74-153643,Unknown Title,,,,,,,CatalogNumber 74-153643,,,Metadata not found
54-11762,Unknown Title,,,,,,,CatalogNumber 54-11762,,,Metadata not found
59-10333,Unknown Title,,,,,,,CatalogNumber 59-10333,,,Metadata not found
95-16264,Unknown Title,,,,,,,CatalogNumber 95-16264,,,Metadata not found
63-8721,Unknown Title,,,,,,,CatalogNumber 63-8721,,,Metadata not found
32-8057,Unknown Title,,,,,,,CatalogNumber 32-8057,,,Metadata not found
56-10318,Unknown Title,,,,,,,CatalogNumber 56-10318,,,Metadata not found
63-15746,Unknown Title,,,,,,,CatalogNumber 63-15746,,,Metadata not found
68-17595,Unknown Title,,,,,,,CatalogNumber 68-17595,,,Metadata not found
58-10862,Unknown Title,,,,,,,CatalogNumber 58-10862,,,Metadata not found
66-10920,Unknown Title,,,,,,,CatalogNumber 66-10920,,,Metadata not found
56-5374,Unknown Title,,,,,,,CatalogNumber 56-5374,,,Metadata not found
65-10706,Unknown Title,,,,,,,CatalogNumber 65-10706,,,Metadata not found
63-11380,Unknown Title,,,,,,,CatalogNumber 63-11380,,,Metadata not found
60-5237,Unknown Title,,,,,,,CatalogNumber 60-5237,,,Metadata not found
68-11375,Unknown Title,,,,,,,CatalogNumber 68-11375,,,Metadata not found
